location	Scrippsville	32.884414	-117.225107
location	Gas Point	33.331411	-116.966246
location	Bummerville	34.523555	-119.960745
location	Hillcrest	32.746981	-117.1641
location	Alcatraz	37.825293	-122.42179
location	Ocean beach	32.75124	-117.250417
location	Palm Springs	33.839896	-116.545606
location	Coachella valley	33.683451	-116.238132
location	Badwater Basin	33.522097	-117.441692
location	Fresno	36.742251	-119.784263
location	Death Valley	33.018437	-116.662583
